tau_Q,T,<Q^2>,Error <Q^2>,AR|CS,Error AR|CS
0,4.0000000000000000,.0516586181640624,.0007416015980045,.8450028234765372,.0000288053915562
1,3.3333333333333335,.0492329589843750,.0006870552938378,.8195945038595107,.0000337192158201
2,2.6666666666666670,.0474013916015625,.0006698863654358,.7796396277777727,.0000401553141762
3,2.0000000000000000,.0417682861328125,.0005881574845385,.7183929410134902,.0000486240931463
4,1.3333333333333335,.0337098876953125,.0004693889740449,.6194212132792106,.0000607498527245
5,.6666666666666665,.0245033935546875,.0003516054197054,.4561438126874710,.0000696338629403
6,.0000000000000000,.0160645019531250,.0002280407363054,.2286939453125000,.0000661004247502
