tau_Q,T,<Q^2>,Error <Q^2>,AR|CS,Error AR|CS
0,4.0000000000000000,.0372625000000003,.0005351945057088,.1994710937500000,.0003219911745702
1,3.3333333333333335,.0293687500000001,.0004242940260136,.1546476562500000,.0003013167060376
2,2.6666666666666670,.0240015625000001,.0003477253108796,.1279867187500000,.0002773515297182
3,2.0000000000000000,.0205218750000000,.0002972178232027,.1091601562500000,.0002575617937396
4,1.3333333333333335,.0177156250000001,.0002621546769674,.0955117187500000,.0002481284742240
5,.6666666666666665,.0156906250000000,.0002401587712264,.0860093750000000,.0002393540655291
6,.0000000000000000,.0141328125000000,.0002152946749108,.0785679687500000,.0002277438878734
