tau_Q,T,<Q^2>,Error <Q^2>,AR|CS,Error AR|CS
0,4.0000000000000000,.0515984374999998,.0007361835211700,.8457201050576095,.0002327630452062
1,2.6666666666666670,.0455359375000000,.0006414027404376,.7855222755855412,.0003156353020329
2,1.3333333333333335,.0364031250000000,.0005347358791562,.6424776915458904,.0004702073079510
3,.0000000000000000,.0213812500000000,.0003119792578433,.2953515625000000,.0005810058380757
