tau_Q,T,<Q^2>,Error <Q^2>,AR|CS,Error AR|CS
0,4.0000000000000000,.0518031249999997,.0007368930734687,.8460607742210247,.0002286306185516
1,3.3333333333333335,.0496593750000000,.0007253332965696,.8199279623312040,.0002686903989022
2,2.6666666666666670,.0464203125000000,.0006651418675868,.7796866530758758,.0003199728044037
3,2.0000000000000000,.0422531250000000,.0006030398235513,.7193285798552222,.0003890020847009
4,1.3333333333333335,.0340453125000000,.0004898450612463,.6192422683949519,.0004888556803657
5,.6666666666666665,.0241890625000000,.0003591308501996,.4559440099282618,.0005595514952496
6,.0000000000000000,.0164953125000000,.0002486413636380,.2287265625000000,.0005253056221851
