tau_Q,T,<Q^2>,Error <Q^2>,AR|CS,Error AR|CS
0,4.0000000000000000,.0521071289062504,.0007314785870838,.4800195067141136,.0000157265614098
1,2.6666666666666670,.0468695800781254,.0006589459426157,.4683725277187779,.0000228522840556
2,1.3333333333333335,.0388123046875001,.0005581840936526,.4254606795195707,.0000377589651581
3,.0000000000000000,.0218310791015625,.0003143874737686,.3029834228515625,.0000722956078560
