tau_Q,T,<Q^2>,Error <Q^2>,AR|CS,Error AR|CS
0,4.0000000000000000,.0375546874999976,.0005427229483966,.1999539062500000,.0003257754797376
1,2.6666666666666670,.0297062499999983,.0004252233781624,.1554078125000000,.0003014295752904
2,1.3333333333333335,.0240249999999987,.0003537569990847,.1279437500000000,.0002783979920015
3,.0000000000000000,.0207124999999990,.0003087895026886,.1092242187500000,.0002624843784372
