tau_Q,T,<Q^2>,Error <Q^2>,AR|CS,Error AR|CS
0,4.0000000000000000,.0356624999999991,.0004974719928481,.1982518920898438,.0000408868378617
1,3.3333333333333335,.0282601318359370,.0003943734766083,.1540993164062500,.0000377937580510
2,2.6666666666666670,.0232954589843748,.0003244121351394,.1269789306640625,.0000348546471470
3,2.0000000000000000,.0198800048828122,.0002771480177258,.1087383300781250,.0000327798368893
4,1.3333333333333335,.0168893310546873,.0002347313901495,.0957322021484375,.0000309383467382
5,.6666666666666665,.0150995605468748,.0002173824045614,.0858171752929688,.0000294991312899
6,.0000000000000000,.0135872070312499,.0001951207505051,.0780128540039063,.0000289352291587
