tau_Q,T,<Q^2>,Error <Q^2>,AR|CS,Error AR|CS
0,4.0000000000000000,.0525796875000003,.0007606594709475,.8454811404087265,.0002384064157394
1,2.6666666666666670,.0484984375000005,.0006933852165503,.7822247789311673,.0003275014376449
2,1.3333333333333335,.0402609375000000,.0005812647221779,.6328008204049823,.0004935382038933
3,.0000000000000000,.0283234375000000,.0004066673367070,.2635296875000000,.0005616619045240
