tau_Q,T,<Q^2>,Error <Q^2>,AR|CS,Error AR|CS
0,4.0000000000000000,.0396531250000004,.0005744291220138,.1829203125000000,.0003494761931823
1,3.3333333333333335,.0326765625000005,.0004800184144827,.1412554687500000,.0003102316537595
2,2.6666666666666670,.0286812500000003,.0004154863410616,.1156750000000000,.0002892449779708
3,2.0000000000000000,.0254468750000002,.0003764568875579,.0978867187500000,.0002704674443348
4,1.3333333333333335,.0229765625000003,.0003361007034252,.0865437500000000,.0002540905103477
5,.6666666666666665,.0214859375000004,.0003088770759917,.0767304687500000,.0002364743729482
6,.0000000000000000,.0199562500000004,.0002851934183538,.0697406250000000,.0002323759339135
