tau_Q,T,<Q^2>,Error <Q^2>,AR|CS,Error AR|CS
0,4.0000000000000000,.0515782958984379,.0007252093360312,.4799909786421834,.0000162081282020
1,2.6666666666666670,.0479374511718753,.0007018971547427,.4669050356928799,.0000230205511871
2,1.3333333333333335,.0406163574218753,.0005721990320001,.4203443465142520,.0000387354758759
3,.0000000000000000,.0264497558593750,.0003770008081502,.2828338623046875,.0000715751444148
