tau_Q,T,<Q^2>,Error <Q^2>,AR|CS,Error AR|CS
0,4.0000000000000000,.0401921875000005,.0005672389490927,.1831492187500000,.0003465680851442
1,2.6666666666666670,.0329078125000001,.0004600576804703,.1406671875000000,.0003135001679986
2,1.3333333333333335,.0281562499999998,.0003996290438407,.1161460937500000,.0002870164156278
3,.0000000000000000,.0254281250000001,.0003660093449900,.0985507812500000,.0002663415426731
