tau_Q,T,<Q^2>,Error <Q^2>,AR|CS,Error AR|CS
0,4.0000000000000000,.0513406250000005,.0007486317917404,.8457036183449771,.0002361838654064
1,3.3333333333333335,.0501406250000002,.0007221092494909,.8191356181979057,.0002724014034167
2,2.6666666666666670,.0464125000000002,.0006613882839877,.7787798795118254,.0003298742770719
3,2.0000000000000000,.0430937500000003,.0006174899927188,.7170698972572364,.0003982938134844
4,1.3333333333333335,.0369203125000003,.0005392684106160,.6148501626421401,.0005007947080650
5,.6666666666666665,.0304328125000002,.0004401415290242,.4419003368912321,.0005736643268699
6,.0000000000000000,.0231984375000003,.0003360075636543,.2067390625000000,.0005170551983238
