tau_Q,T,chi_t,Error chi_t,AR|CS,Error AR|CS
0,4.0000000000000000,.0520185546875000,.0007328174171993,.8450050601630468,.0000293789693135
1,3.1666666666666665,.0493114501953124,.0006996734711440,.8119632990985773,.0000350125827046
2,2.3333333333333330,.0438058349609374,.0006146874983307,.7548501625679540,.0000442026370355
3,1.5000000000000000,.0366277099609375,.0005210284172788,.6550622526931710,.0000568964326919
