tau_Q,T,chi_t,Error chi_t,AR|CS,Error AR|CS
0,4.0000000000000000,.0522722412109374,.0007354148374893,.8450175492021359,.0000291575832266
1,3.5833333333333335,.0503408935546875,.0007164189044241,.8299348583840886,.0000320535041661
2,3.1666666666666665,.0492443603515625,.0007090181765572,.8092177996955359,.0000349353100946
3,2.7500000000000000,.0470885253906250,.0006847199878154,.7825160656217709,.0000392394357166
4,2.3333333333333330,.0448189697265625,.0006143345658463,.7478418326263875,.0000443093474185
5,1.9166666666666665,.0409256347656250,.0005667225592328,.7013340879167764,.0000510443320898
6,1.5000000000000000,.0355177734375000,.0005057669492360,.6370619953861474,.0000577546282241
