tau_Q,T,chi_t,Error chi_t,AR|CS,Error AR|CS
0,4.0000000000000000,.0515883789062488,.0007274204671335,.4800334826775133,.0000157713243613
1,3.1666666666666665,.0489535644531244,.0006691800966238,.4739039430699767,.0000195441064612
2,2.3333333333333330,.0456585449218748,.0006527097170897,.4590169826277812,.0000253615519114
3,1.5000000000000000,.0385827148437499,.0005410745268575,.4256596511916524,.0000353534323877
