tau_Q,T,chi_t,Error chi_t,AR|CS,Error AR|CS
0,4.0000000000000000,.0514289550781237,.0007249644116571,.4800266283402820,.0000157778228727
1,3.5833333333333335,.0516285888671872,.0007176443877536,.4773198261470650,.0000173577852973
2,3.1666666666666665,.0486861572265622,.0006779718601243,.4723403912221592,.0000195331643606
3,2.7500000000000000,.0461255859374998,.0006450486941727,.4649651846548404,.0000221594128269
4,2.3333333333333330,.0460978027343750,.0006729482120486,.4541755752560324,.0000258250687017
5,1.9166666666666665,.0421847656250000,.0006063891757816,.4379698952895625,.0000301708150711
6,1.5000000000000000,.0364490234375000,.0005235271614367,.4127389315571893,.0000359168989432
