tau_Q,T,chi_t,Error chi_t,AR|CS,Error AR|CS
0,4.0000000000000000,.0512971435546867,.0007228123812493,1.1423755022448905,.0000740710211615
1,3.5833333333333335,.0514362060546869,.0007394452128517,1.1591952091236464,.0000802098490038
2,3.1666666666666665,.0509313964843740,.0007265720883004,1.1813140103547415,.0000890295940292
3,2.7500000000000000,.0494927734374989,.0007038204405591,1.2110190989720266,.0001011721066720
4,2.3333333333333330,.0479469238281239,.0006726519287057,1.2530197825624554,.0001185103020039
5,1.9166666666666665,.0448076904296866,.0006222189032029,1.3150116004958583,.0001494562241684
6,1.5000000000000000,.0435659423828120,.0006127469375080,1.4161444687775717,.0002080571334534
