tau_Q,T,chi_t,Error chi_t,AR|CS,Error AR|CS
0,4.0000000000000000,.0525398925781222,.0007469085684792,1.1422544552877090,.0000737792638819
1,3.1666666666666665,.0514691162109346,.0007330968040500,1.1807037972712355,.0000876559555188
2,2.3333333333333330,.0489081054687474,.0007035352500202,1.2492513565446322,.0001143900245966
3,1.5000000000000000,.0457122070312472,.0006425123471712,1.4018580359100175,.0001941276817238
