tau_Q,T,chi_t,Error chi_t,AR|CS,Error AR|CS
0,4.0000000000000000,.0525436279296877,.0007553670039599,.4800147432692736,.0000159430566195
1,3.5833333333333335,.0499328857421881,.0007067206579158,.4769901720845173,.0000175232012299
2,3.1666666666666665,.0493829589843752,.0007048365734256,.4720413561337197,.0000200693810755
3,2.7500000000000000,.0468632568359374,.0006591497955337,.4646836332810705,.0000228459464170
4,2.3333333333333330,.0455030761718750,.0006438768854319,.4539307430479304,.0000262254580004
5,1.9166666666666665,.0425090332031250,.0006055247779239,.4375892388963185,.0000307663094941
6,1.5000000000000000,.0387382080078125,.0005491352765669,.4120270978866627,.0000367403144615
