tau_Q,T,chi_t,Error chi_t,AR|CS,Error AR|CS
0,4.0000000000000000,.0518409912109371,.0007309600301333,.4799911722033111,.0000161424526940
1,3.1666666666666665,.0488990966796873,.0006965147796855,.4731760659929414,.0000196312452760
2,2.3333333333333330,.0455692138671875,.0006450162911651,.4579182533244869,.0000260626103516
3,1.5000000000000000,.0403629638671874,.0005590065859168,.4232519536344184,.0000365231855397
