tau_Q,T,chi_t,Error chi_t,AR|CS,Error AR|CS
0,4.0000000000000000,.0524603027343746,.0007402550828099,.8449522255699580,.0000296362279690
1,3.1666666666666665,.0486400878906251,.0006917461094576,.8111475245292769,.0000353402665727
2,2.3333333333333330,.0456541748046875,.0006385318696241,.7543508409232778,.0000449902286188
3,1.5000000000000000,.0386347412109375,.0005405352985841,.6536627851530058,.0000578587804958
