tau_Q,T,chi_t,Error chi_t,AR|CS,Error AR|CS
0,4.0000000000000000,.0514052246093753,.0007209069375579,.8449926228553106,.0000294576736896
1,3.5833333333333335,.0503321777343751,.0007095991320619,.8295837536941565,.0000325033514916
2,3.1666666666666665,.0484805664062501,.0006704441601224,.8090929195823993,.0000360353801110
3,2.7500000000000000,.0472433349609375,.0006597669219451,.7826785371067790,.0000401999878407
4,2.3333333333333330,.0455697753906250,.0006347333471834,.7481276102676131,.0000457991003158
5,1.9166666666666665,.0414036621093750,.0005966245357391,.7015904515889491,.0000520291993690
6,1.5000000000000000,.0368885009765625,.0005208575029251,.6375637350205573,.0000594328129869
