tau_Q,T,<Q^2>,Error <Q^2>,AR|CS,Error AR|CS
0,4.0000000000000000,.0516586181640624,.0007416015980045,.8450028234765372,.0000288053915562
1,3.5000000000000000,.0499391357421875,.0006992595336034,.8266422424782713,.0000324839887926
2,3.0000000000000000,.0491693359375000,.0006918710425458,.8002046796800583,.0000367730355626
3,2.5000000000000000,.0454953125000000,.0006482915502598,.7642882760233248,.0000420461798134
4,2.0000000000000000,.0410705078125000,.0005787337006275,.7142858953103683,.0000497467958875
5,1.5000000000000000,.0354975830078125,.0005178529669861,.6416355826916161,.0000575014560259
6,1.0000000000000000,.0292197021484375,.0004139041453668,.5338692325450567,.0000658554823389
