tau_Q,T,<Q^2>,Error <Q^2>,AR|CS,Error AR|CS
0,4.0000000000000000,.0516586181640624,.0007416015980045,.8450028234765372,.0000288053915562
1,3.5833333333333335,.0503548828125000,.0007023632641975,.8299745090836610,.0000318979233753
2,3.1666666666666665,.0494122070312500,.0006978801216094,.8092111468204474,.0000352888613505
3,2.7500000000000000,.0472064941406250,.0006728501455048,.7825460129130857,.0000392579516368
4,2.3333333333333330,.0435666992187500,.0006317437271615,.7478820020502173,.0000449803420574
5,1.9166666666666665,.0407444335937500,.0005805476171860,.7013315023295741,.0000505916973626
6,1.5000000000000000,.0357789306640625,.0004985295890512,.6371100228975867,.0000574104835979
