tau_Q,T,chi_t,Error chi_t,AR|CS,Error AR|CS
0,4.0000000000000000,.0522722412109374,.0007354148374893,.8450175492021359,.0000291575832266
1,3.3333333333333335,.0497518310546875,.0007068890021503,.8195703683566724,.0000338597182781
2,2.6666666666666670,.0462430419921875,.0006680384104367,.7796312490222712,.0000396372818809
3,2.0000000000000000,.0425804199218750,.0006096855925311,.7184042547794903,.0000482481069799
4,1.3333333333333335,.0345917724609375,.0004889695842778,.6194011918173760,.0000601152970665
5,.6666666666666665,.0236976074218750,.0003405657080419,.4562380915893750,.0000698901334927
6,.0000000000000000,.0164328369140625,.0002355226207303,.2286559814453125,.0000667438465303
