tau_Q,T,chi_t,Error chi_t,AR|CS,Error AR|CS
0,4.0000000000000000,.0503602294921886,.0007206181696803,.4799441097318951,.0000157926870446
1,2.6666666666666670,.0465477294921879,.0006622517294504,.4683600317986582,.0000228294049759
2,1.3333333333333335,.0390389892578127,.0005547293482789,.4254682643004288,.0000380045086682
3,.0000000000000000,.0221837158203125,.0003187675276648,.3028258056640625,.0000721735534834
