tau_Q,T,chi_t,Error chi_t,AR|CS,Error AR|CS
0,4.0000000000000000,.0506950195312524,.0007121930455481,.4799386673680184,.0000156724257483
1,2.6666666666666670,.0475120361328131,.0006639889270831,.4683603254562422,.0000227921377233
2,1.3333333333333335,.0382670654296876,.0005334191032623,.4253982160306516,.0000381367047543
3,.0000000000000000,.0222514892578126,.0003171250583817,.3029427734375000,.0000721295556610
