tau_Q,T,chi_t,Error chi_t,AR|CS,Error AR|CS
0,4.0000000000000000,.0505183593750002,.0007156734416776,.8448650655434811,.0000294143261372
1,2.6666666666666670,.0470019531249999,.0006667543497230,.7850057931357591,.0000398870242407
2,1.3333333333333335,.0358278076171875,.0005004378666664,.6418547784637819,.0000582157680248
3,.0000000000000000,.0207187255859375,.0002987875173630,.2951414794921875,.0000707640838266
