tau_Q,T,chi_t,Error chi_t,AR|CS,Error AR|CS
0,4.0000000000000000,.0506295166015616,.0007165594514309,.4799419366849496,.0000156669191887
1,3.3333333333333335,.0491162353515623,.0006777842336728,.4752984237680095,.0000187896223764
2,2.6666666666666670,.0470904785156250,.0006621937981494,.4653248232448733,.0000227538385990
3,2.0000000000000000,.0426479248046874,.0006107537428885,.4465067840870535,.0000292900455669
4,1.3333333333333335,.0365181640625000,.0005203132668353,.4096077824175717,.0000381186782284
5,.6666666666666665,.0267214111328125,.0003818515416159,.3363213510671286,.0000510589824187
6,.0000000000000000,.0172750000000000,.0002440939707289,.2367067626953125,.0000668629911109
