tau_Q,T,chi_t,Error chi_t,AR|CS,Error AR|CS
0,4.0000000000000000,.0527467041015628,.0007498853637548,.4799308682501458,.0000157510175797
1,3.3333333333333335,.0494821533203125,.0007095350375529,.4753274406309006,.0000185318364519
2,2.6666666666666670,.0475174804687500,.0006653823827691,.4653623617736672,.0000230538632617
3,2.0000000000000000,.0425050537109374,.0006040979667923,.4465341105102816,.0000291867157495
4,1.3333333333333335,.0368654541015625,.0005297164457724,.4095858637809818,.0000385985639687
5,.6666666666666665,.0264889160156250,.0003746712002824,.3362457422426114,.0000506554678463
6,.0000000000000000,.0175932128906250,.0002484699655250,.2367776367187500,.0000671091883573
