tau_Q,T,chi_t,Error chi_t,AR|CS,Error AR|CS
0,4.0000000000000000,.0528514892578126,.0007537653269219,.8448559888373849,.0000292863173519
1,2.6666666666666670,.0470312500000000,.0006827011818133,.7849557245338443,.0000392736833576
2,1.3333333333333335,.0361778320312500,.0005108632149489,.6419355133150075,.0000590639466028
3,.0000000000000000,.0217617187500000,.0003095526517005,.2951296386718750,.0000720655953797
