tau_Q,T,chi_t,Error chi_t,AR|CS,Error AR|CS
0,4.0000000000000000,.0512902099609376,.0007192200061095,.8448861772397805,.0000288255727277
1,2.6666666666666670,.0473795654296875,.0006742279215358,.7848914579804885,.0000393121675671
2,1.3333333333333335,.0375076416015625,.0005422956291811,.6418715744830894,.0000591088767933
3,.0000000000000000,.0216374023437500,.0003051546965945,.2952148193359375,.0000726038088465
