tau_Q,T,chi_t,Error chi_t,AR|CS,Error AR|CS
0,4.0000000000000000,.0507961914062499,.0007234094805004,.8449078898315023,.0000287544581867
1,3.3333333333333335,.0507169677734375,.0007236563104052,.8195095985191374,.0000336227499729
2,2.6666666666666670,.0470238769531250,.0006634218786953,.7796779175387477,.0000400019369665
3,2.0000000000000000,.0419254150390625,.0005927637738041,.7185241109340095,.0000489388275451
4,1.3333333333333335,.0355106689453125,.0004951404034098,.6192639334429206,.0000595006172080
5,.6666666666666665,.0243767822265625,.0003417840175739,.4561158065065354,.0000694251848069
6,.0000000000000000,.0161344482421875,.0002267848122201,.2286141357421875,.0000661957131213
