tau_Q,T,chi_t,Error chi_t,AR|CS,Error AR|CS
0,4.0000000000000000,.0515883789062488,.0007274204671335,.4800334826775133,.0000157713243613
1,2.6666666666666670,.0477650146484371,.0006528161124163,.4684172692639820,.0000226642264340
2,1.3333333333333335,.0381197509765624,.0005487034977331,.4254589602626144,.0000376752177056
3,.0000000000000000,.0225993896484375,.0003163203992086,.3029847412109375,.0000723143535543
