tau_Q,T,chi_t,Error chi_t,AR|CS,Error AR|CS
0,4.0000000000000000,.0514289550781237,.0007249644116571,.4800266283402820,.0000157778228727
1,3.3333333333333335,.0510282958984371,.0007099249047037,.4753852480649958,.0000185047794490
2,2.6666666666666670,.0467918945312498,.0006549332992932,.4653425145099599,.0000226704281308
3,2.0000000000000000,.0410957031249999,.0005779871903536,.4465176982403092,.0000289490932970
4,1.3333333333333335,.0366903320312500,.0005243749484561,.4095931811469813,.0000385772973198
5,.6666666666666665,.0263452392578125,.0003755535640210,.3363185896873420,.0000514576095291
6,.0000000000000000,.0171764160156250,.0002430827448228,.2367160644531250,.0000668059563209
