tau_Q,T,chi_t,Error chi_t,AR|CS,Error AR|CS
0,4.0000000000000000,.0496142822265626,.0007016933264507,.8448469991630277,.0000290286229469
1,3.3333333333333335,.0497240234375000,.0007013345762248,.8195068094979481,.0000334380931635
2,2.6666666666666670,.0478449951171875,.0006696425748672,.7796059270754938,.0000403562943936
3,2.0000000000000000,.0422870849609375,.0005982087112101,.7184506144749648,.0000490199046040
4,1.3333333333333335,.0349862548828125,.0005064321718721,.6194180823815363,.0000602650896161
5,.6666666666666665,.0245750244140625,.0003520506321392,.4560897430094364,.0000687710965713
6,.0000000000000000,.0163668457031250,.0002286241536237,.2287983154296875,.0000659194910377
