tau_Q,T,chi_t,Error chi_t,AR|CS,Error AR|CS
0,4.0000000000000000,.0509152343750000,.0007077124577714,.8448929039584857,.0000290784635743
1,3.3333333333333335,.0493488281250000,.0007043628731311,.8195118980027217,.0000338140619699
2,2.6666666666666670,.0460784179687500,.0006500482282804,.7795215838767670,.0000401651607289
3,2.0000000000000000,.0419432617187500,.0005925151728045,.7184735237101901,.0000492282590352
4,1.3333333333333335,.0353125244140625,.0004976432213447,.6194542192999162,.0000601086796340
5,.6666666666666665,.0248124755859375,.0003466595312824,.4561272982016419,.0000689352299944
6,.0000000000000000,.0160234863281250,.0002269576252948,.2286977783203125,.0000661339872889
