tau_Q,T,chi_t,Error chi_t,AR|CS,Error AR|CS
0,4.0000000000000000,.0520185546875000,.0007328174171993,.8450050601630468,.0000293789693135
1,2.6666666666666670,.0472779541015624,.0006650852843019,.7849746192003607,.0000396906188071
2,1.3333333333333335,.0368558349609375,.0005313685750894,.6418481034685247,.0000585650820587
3,.0000000000000000,.0211857177734375,.0002957561588356,.2950858642578125,.0000723893888576
