tau_Q,T,chi_t,Error chi_t,AR|CS,Error AR|CS
0,4.0000000000000000,.0513075927734407,.0007231219800031,1.1423361365528630,.0000745406524250
1,3.3333333333333335,.0495122558593781,.0007012273891450,1.1714473201136064,.0000860842746508
2,2.6666666666666670,.0499319091796905,.0007056745320500,1.2166978018194750,.0001030780023225
3,2.0000000000000000,.0464999267578157,.0006536123659595,1.2958608001113421,.0001373290931438
4,1.3333333333333335,.0429111572265650,.0006006670228653,1.4626009284590717,.0002352227762922
5,.6666666666666665,.0366990966796898,.0005154093356852,2.0202270832366067,.0007838064095223
6,.0000000000000000,.0327854003906269,.0004587590870633,Inf,NaN
