tau_Q,T,chi_t,Error chi_t,AR|CS,Error AR|CS
0,4.0000000000000000,.0516197021484379,.0007176483887074,1.1421721238166587,.0000734917687259
1,2.6666666666666670,.0478302734375003,.0006818912383945,1.2153860954341862,.0001018914817940
2,1.3333333333333335,.0456422607421880,.0006399967366891,1.4481417723428491,.0002040900512289
3,.0000000000000000,.0393814453125004,.0005637028721333,Inf,NaN
