tau_Q,T,chi_t,Error chi_t,AR|CS,Error AR|CS
0,4.0000000000000000,.0514965576171914,.0007384768603648,1.1423661131451759,.0000749266889538
1,2.6666666666666670,.0504557861328168,.0007102389701159,1.2153097852120622,.0001007258854745
2,1.3333333333333335,.0437034912109396,.0006142362500278,1.4455768069197723,.0001975508042228
3,.0000000000000000,.0241403320312521,.0003512575557586,10.6221213729955650,.0107071135953171
