tau_Q,T,chi_t,Error chi_t,AR|CS,Error AR|CS
0,4.0000000000000000,.0520449218750004,.0007330351993533,1.1423345907831308,.0000743797275609
1,3.3333333333333335,.0500373779296878,.0007089975009204,1.1713196197790867,.0000845705295674
2,2.6666666666666670,.0484338623046876,.0006887746096401,1.2168237433447491,.0001015859355921
3,2.0000000000000000,.0469717285156252,.0006752058845840,1.2958018639621873,.0001368682366377
4,1.3333333333333335,.0418575195312501,.0005832641860764,1.4605437951540861,.0002279202921634
5,.6666666666666665,.0340716552734374,.0004753945728634,1.9702397765961559,.0006606142739617
6,.0000000000000000,.0181820800781249,.0002574369898280,12.3307687274957996,.0176563464929765
