tau_Q,T,chi_t,Error chi_t,AR|CS,Error AR|CS
0,4.0000000000000000,.0526806396484406,.0007342508107957,1.1422822723073176,.0000737202141813
1,3.3333333333333335,.0508304687500031,.0007366576255622,1.1714466411716271,.0000836665674302
2,2.6666666666666670,.0493020507812533,.0007030533345124,1.2169332237884096,.0001016215898421
3,2.0000000000000000,.0456968017578153,.0006291962303883,1.2955537059648514,.0001379704990244
4,1.3333333333333335,.0430394042968777,.0005952271614967,1.4606981573175561,.0002305473425479
5,.6666666666666665,.0338529296875018,.0004793964735892,1.9710095450273570,.0006691133679175
6,.0000000000000000,.0188846679687510,.0002728041433374,12.3281432417126471,.0176271393034749
