tau_Q,T,chi_t,Error chi_t,AR|CS,Error AR|CS
0,4.0000000000000000,.0514052246093753,.0007209069375579,.8449926228553106,.0000294576736896
1,3.3333333333333335,.0491881835937500,.0006982482308359,.8189516933829230,.0000343887352133
2,2.6666666666666670,.0474429687500001,.0006602727575481,.7792634226304763,.0000411202024245
3,2.0000000000000000,.0431262451171874,.0006000939744424,.7181476183494662,.0000497173877188
4,1.3333333333333335,.0370911621093750,.0005198799597888,.6184879843970466,.0000618433561036
5,.6666666666666665,.0274477294921875,.0003857301931632,.4516452398793894,.0000715224108770
6,.0000000000000000,.0196793945312500,.0002754463203597,.2206757324218750,.0000662615590137
