tau_Q,T,chi_t,Error chi_t,AR|CS,Error AR|CS
0,4.0000000000000000,.0521899414062483,.0007339099243615,.8448483518418827,.0000296911279312
1,3.3333333333333335,.0489191894531245,.0006781808724838,.8190039706843303,.0000338058825543
2,2.6666666666666670,.0464464599609373,.0006416851696704,.7793359982816391,.0000407703784077
3,2.0000000000000000,.0429890380859374,.0006154517936237,.7180826281495551,.0000496807360082
4,1.3333333333333335,.0366030517578125,.0005054838402389,.6184024932582023,.0000615517837485
5,.6666666666666665,.0275797363281250,.0003924992337594,.4518439791321494,.0000718999185690
6,.0000000000000000,.0192454589843750,.0002708780064772,.2207472167968750,.0000667202189052
