tau_Q,T,chi_t,Error chi_t,AR|CS,Error AR|CS
0,4.0000000000000000,.0508635498046882,.0007099866126842,.8448668415163162,.0000300710946767
1,3.3333333333333335,.0514913574218752,.0007282306526435,.8190407064481653,.0000340354735406
2,2.6666666666666670,.0471431152343751,.0006771837646865,.7792674328887346,.0000413130986286
3,2.0000000000000000,.0435587402343750,.0006228096766512,.7180791949350576,.0000505663570183
4,1.3333333333333335,.0362244628906250,.0005186990710814,.6183247915494356,.0000616024127645
5,.6666666666666665,.0271785400390625,.0003806300144372,.4516331037161626,.0000714310947381
6,.0000000000000000,.0196535644531250,.0002727365673457,.2207523437500000,.0000663687951770
