tau_Q,T,chi_t,Error chi_t,AR|CS,Error AR|CS
0,4.0000000000000000,.0535494873046894,.0007424514893610,.8448817480750950,.0000298934366644
1,2.6666666666666670,.0475703369140629,.0006563237239384,.7831852346597943,.0000402404485553
2,1.3333333333333335,.0391488525390627,.0005544670100733,.6373727517687137,.0000604668029452
3,.0000000000000000,.0257919189453126,.0003597863745138,.2763206542968750,.0000705515709615
