tau_Q,T,chi_t,Error chi_t,AR|CS,Error AR|CS
0,4.0000000000000000,.0518409912109371,.0007309600301333,.4799911722033111,.0000161424526940
1,2.6666666666666670,.0475374267578122,.0006739042900286,.4668741888256106,.0000228515539966
2,1.3333333333333335,.0402258300781250,.0005669966752489,.4204554462785705,.0000387761788466
3,.0000000000000000,.0260640625000000,.0003746855129951,.2829525634765625,.0000722290579854
