tau_Q,T,chi_t,Error chi_t,AR|CS,Error AR|CS
0,4.0000000000000000,.0512242431640617,.0007246499289289,.8448811290735825,.0000297365605690
1,2.6666666666666670,.0464696289062498,.0006625313058363,.7832850081994368,.0000408438325698
2,1.3333333333333335,.0381284912109375,.0005387419424041,.6373002806355946,.0000611489358204
3,.0000000000000000,.0248085937500000,.0003480922494658,.2761606445312500,.0000712126676464
