tau_Q,T,chi_t,Error chi_t,AR|CS,Error AR|CS
0,4.0000000000000000,.0525436279296877,.0007553670039599,.4800147432692736,.0000159430566195
1,3.3333333333333335,.0492161865234381,.0006952323997095,.4748203967224393,.0000187050128209
2,2.6666666666666670,.0478738281250001,.0006788684271212,.4646371664584414,.0000232411471101
3,2.0000000000000000,.0435345703125000,.0006122436139594,.4454630258964563,.0000296608289327
4,1.3333333333333335,.0388273681640624,.0005439398840878,.4074742813965193,.0000390886325485
5,.6666666666666665,.0303060302734375,.0004221266668765,.3304400917671675,.0000520283895329
6,.0000000000000000,.0206121093750000,.0002894481612107,.2278088623046875,.0000666747303740
