tau_Q,T,chi_t,Error chi_t,AR|CS,Error AR|CS
0,4.0000000000000000,.0524603027343746,.0007402550828099,.8449522255699580,.0000296362279690
1,2.6666666666666670,.0475217529296876,.0006725957558880,.7832629922462216,.0000401029103333
2,1.3333333333333335,.0379316162109375,.0005373681583979,.6375132525137176,.0000599149893899
3,.0000000000000000,.0251775390625001,.0003572718781259,.2762897216796875,.0000712542138347
