tau_Q,T,chi_t,Error chi_t,AR|CS,Error AR|CS
0,4.0000000000000000,.0510205810546852,.0007256269633621,.4799449095006500,.0000160184217259
1,3.3333333333333335,.0499134521484364,.0007260733128008,.4748243102459540,.0000187935829729
2,2.6666666666666670,.0470901611328118,.0006567400943786,.4646455034972500,.0000234340852987
3,2.0000000000000000,.0429925292968747,.0006246877298650,.4454722975768864,.0000289576412632
4,1.3333333333333335,.0383335205078125,.0005525969837980,.4074414832429763,.0000398067939617
5,.6666666666666665,.0288381835937499,.0004136371530975,.3304952324205361,.0000516408991739
6,.0000000000000000,.0208298095703125,.0003028966205716,.2277079589843750,.0000663827088900
