tau_Q,T,chi_t,Error chi_t,AR|CS,Error AR|CS
0,4.0000000000000000,.0511098144531235,.0007265061019152,.4799400659404527,.0000160172935578
1,2.6666666666666670,.0474494628906241,.0006742224847244,.4668479073906962,.0000230739741249
2,1.3333333333333335,.0407558837890621,.0005855855719021,.4203319105845310,.0000387287292467
3,.0000000000000000,.0263439697265623,.0003734572734939,.2829715087890625,.0000716074190191
