tau_Q,T,chi_t,Error chi_t,AR|CS,Error AR|CS
0,4.0000000000000000,.0520366943359393,.0007410317985443,.4799445726119088,.0000160629411992
1,3.3333333333333335,.0497813232421883,.0007099562086989,.4748268794910915,.0000189026652055
2,2.6666666666666670,.0475261962890627,.0006793898686300,.4646196380099537,.0000232610883645
3,2.0000000000000000,.0442116943359377,.0006207349681994,.4455009848682559,.0000294384666996
4,1.3333333333333335,.0386063476562501,.0005439758753700,.4073760332656801,.0000391077675813
5,.6666666666666665,.0284821044921875,.0004060788549136,.3303539517419572,.0000523641523574
6,.0000000000000000,.0207885253906250,.0002928523635198,.2278307861328125,.0000661241112028
