tau_Q,T,chi_t,Error chi_t,AR|CS,Error AR|CS
0,4.0000000000000000,.0516888916015651,.0007410524147426,.4799619747491926,.0000161546920519
1,2.6666666666666670,.0486367675781261,.0006679610714006,.4668264794533113,.0000228792569332
2,1.3333333333333335,.0403967285156254,.0005810677326147,.4203339204658192,.0000387191024050
3,.0000000000000000,.0262631103515628,.0003652305556929,.2829178955078125,.0000716316024630
