tau_Q,T,chi_t,Error chi_t,AR|CS,Error AR|CS
0,4.0000000000000000,.0514289550781237,.0007249644116571,.4800266283402820,.0000157778228727
1,3.5000000000000000,.0514601074218746,.0007172203536312,.4767054779913495,.0000177193698300
2,3.0000000000000000,.0479263671874997,.0006642804431110,.4702699539121336,.0000205145070495
3,2.5000000000000000,.0446877929687499,.0006183638662130,.4600031746389719,.0000241159053475
4,2.0000000000000000,.0434531982421875,.0006423664563656,.4435570292016245,.0000291571277666
5,1.5000000000000000,.0378351318359374,.0005447024037646,.4160069037249992,.0000358287303263
6,1.0000000000000000,.0310217529296875,.0004255779214396,.3686016827100612,.0000446866906091
