tau_Q,T,chi_t,Error chi_t,AR|CS,Error AR|CS
0,4.0000000000000000,.0515883789062488,.0007274204671335,.4800334826775133,.0000157713243613
1,3.0000000000000000,.0485696044921870,.0006596934774257,.4722760614009010,.0000205097810182
2,2.0000000000000000,.0436271484374998,.0006151070630392,.4508121460463257,.0000286702294733
3,1.0000000000000000,.0335974853515624,.0004708036454861,.3929311046924996,.0000441215160288
