tau_Q,T,chi_t,Error chi_t,AR|CS,Error AR|CS
0,4.0000000000000000,.0522722412109374,.0007354148374893,.8450175492021359,.0000291575832266
1,3.5000000000000000,.0501401367187500,.0007163911726973,.8266108916690562,.0000326096412875
2,3.0000000000000000,.0484890136718750,.0007005137099139,.8002048460903974,.0000364210410046
3,2.5000000000000000,.0453500488281250,.0006510648716326,.7642653786777720,.0000419286853452
4,2.0000000000000000,.0421684326171875,.0005847669855999,.7142137016621573,.0000492330420930
5,1.5000000000000000,.0363863769531250,.0005164796858015,.6416164515990120,.0000579542506084
6,1.0000000000000000,.0292230957031250,.0004151685307493,.5337103618295340,.0000658171752717
