tau_Q,T,chi_t,Error chi_t,AR|CS,Error AR|CS
0,4.0000000000000000,.0514052246093753,.0007209069375579,.8449926228553106,.0000294576736896
1,3.5000000000000000,.0500148925781252,.0007082715411019,.8261782310515131,.0000330961262199
2,3.0000000000000000,.0481880371093751,.0006637542830551,.8000230305801527,.0000376568999611
3,2.5000000000000000,.0463680175781250,.0006465461409937,.7643602098935622,.0000430323173359
4,2.0000000000000000,.0433000244140625,.0006141264538609,.7144491968484711,.0000507147369308
5,1.5000000000000000,.0376831787109375,.0005320812621699,.6415471771416240,.0000595075551981
6,1.0000000000000000,.0312782470703125,.0004353317689336,.5331468894426779,.0000674979610872
