tau_Q,T,chi_t,Error chi_t,AR|CS,Error AR|CS
0,4.0000000000000000,.0524603027343746,.0007402550828099,.8449522255699580,.0000296362279690
1,3.0000000000000000,.0482670166015626,.0006853951158078,.8026508278428509,.0000368072989604
2,2.0000000000000000,.0435162597656250,.0006172603459787,.7236454836864606,.0000496311597696
3,1.0000000000000000,.0344204833984375,.0004849852359916,.5617712025908136,.0000666314132933
