tau_Q,T,chi_t,Error chi_t,AR|CS,Error AR|CS
0,4.0000000000000000,.0525436279296877,.0007553670039599,.4800147432692736,.0000159430566195
1,3.5000000000000000,.0496433837890631,.0007003956021981,.4763055894394469,.0000179204347537
2,3.0000000000000000,.0489746826171876,.0006961278754129,.4698661646809476,.0000210258985057
3,2.5000000000000000,.0462864013671874,.0006523528268325,.4595676054971080,.0000247750171039
4,2.0000000000000000,.0433143310546875,.0006172396139188,.4430048237264218,.0000295614129461
5,1.5000000000000000,.0395853515625000,.0005664296722547,.4149827693589702,.0000366185926259
6,1.0000000000000000,.0327786376953125,.0004665978506180,.3663433984492718,.0000454198533966
