tau_Q,T,chi_t,Error chi_t,AR|CS,Error AR|CS
0,4.0000000000000000,.0506608154296875,.0007255830001981,.4799448268295326,.0000158599049341
1,3.4166666666666665,.0501940673828125,.0007092581704210,.4760159511993000,.0000183678583332
2,2.8333333333333330,.0488826660156250,.0006977559295211,.4678956231952784,.0000214457405294
3,2.2500000000000000,.0441423828125000,.0006117094965832,.4539797718755607,.0000261973869313
4,1.6666666666666665,.0398053710937500,.0005583610506222,.4292011259807416,.0000332274924861
5,1.0833333333333335,.0322527099609375,.0004484399396753,.3832573476596817,.0000426469562181
6,.5000000000000000,.0231775146484375,.0003322050382509,.3023361227620651,.0000547985369603
