tau_Q,T,chi_t,Error chi_t,AR|CS,Error AR|CS
0,4.0000000000000000,.0528514892578126,.0007537653269219,.8448559888373849,.0000292863173519
1,2.8333333333333330,.0476075683593750,.0006973025759362,.7947256233277868,.0000376965059300
2,1.6666666666666665,.0406401367187500,.0005794109340393,.6878847282022453,.0000534013513708
3,.5000000000000000,.0253474365234375,.0003535111270600,.4453729916460786,.0000716489944932
