tau_Q,T,chi_t,Error chi_t,AR|CS,Error AR|CS
0,4.0000000000000000,.0507961914062499,.0007234094805004,.8449078898315023,.0000287544581867
1,3.4166666666666665,.0511757324218750,.0007313960385891,.8230962704361103,.0000329786269191
2,2.8333333333333330,.0482340332031250,.0006797557637689,.7904121046438369,.0000382939503419
3,2.2500000000000000,.0433339599609375,.0006027013134891,.7432251268807740,.0000452665236480
4,1.6666666666666665,.0389081542968750,.0005530189579463,.6721540012246354,.0000542493523464
5,1.0833333333333335,.0302505371093750,.0004336932466828,.5613594678569143,.0000642721893633
6,.5000000000000000,.0213468017578125,.0003000217423514,.3930623643687778,.0000705414212304
