tau_Q,T,chi_t,Error chi_t,AR|CS,Error AR|CS
0,4.0000000000000000,.0520185546875000,.0007328174171993,.8450050601630468,.0000293789693135
1,2.8333333333333330,.0480786132812499,.0006767378222226,.7947441108995953,.0000380228620068
2,1.6666666666666665,.0403843994140625,.0005722016407330,.6878297647558080,.0000532733418212
3,.5000000000000000,.0252207275390625,.0003553221482931,.4453867368552341,.0000714982145520
