tau_Q,T,chi_t,Error chi_t,AR|CS,Error AR|CS
0,4.0000000000000000,.0506295166015616,.0007165594514309,.4799419366849496,.0000156669191887
1,3.4166666666666665,.0495747558593747,.0006853423861776,.4759773144422745,.0000183752078953
2,2.8333333333333330,.0479044433593751,.0006770507879532,.4679422445637538,.0000215949955265
3,2.2500000000000000,.0440432861328124,.0006298781348213,.4539697904556678,.0000267674758754
4,1.6666666666666665,.0399768798828125,.0005606297257093,.4292189292320261,.0000330998537532
5,1.0833333333333335,.0326902587890625,.0004713097093468,.3832663446207965,.0000430704481750
6,.5000000000000000,.0231509277343750,.0003330070364119,.3022940400218774,.0000535761454186
