tau_Q,T,chi_t,Error chi_t,AR|CS,Error AR|CS
0,4.0000000000000000,.0506950195312524,.0007121930455481,.4799386673680184,.0000156724257483
1,2.8333333333333330,.0481560058593756,.0006747183783263,.4704020218738511,.0000216048039999
2,1.6666666666666665,.0405965332031250,.0005632183059182,.4399162666199164,.0000330066245632
3,.5000000000000000,.0271537597656251,.0003826161087648,.3455547418063638,.0000554859249586
