tau_Q,T,chi_t,Error chi_t,AR|CS,Error AR|CS
0,4.0000000000000000,.0515883789062488,.0007274204671335,.4800334826775133,.0000157713243613
1,2.8333333333333330,.0482590576171870,.0006585111719049,.4704592014542108,.0000215457723564
2,1.6666666666666665,.0412297119140623,.0005828721506147,.4399755489173287,.0000326576497349
3,.5000000000000000,.0268083007812499,.0003845558837432,.3455859241381884,.0000554626840189
