tau_Q,T,chi_t,Error chi_t,AR|CS,Error AR|CS
0,4.0000000000000000,.0522722412109374,.0007354148374893,.8450175492021359,.0000291575832266
1,3.4166666666666665,.0499163818359375,.0007095422668836,.8231563475944773,.0000332362660128
2,2.8333333333333330,.0473457763671875,.0006842303910125,.7903687165619006,.0000379978831205
3,2.2500000000000000,.0442036865234375,.0006271737480803,.7431134512289351,.0000448346305532
4,1.6666666666666665,.0398052001953125,.0005446134765927,.6722492447529578,.0000547162459319
5,1.0833333333333335,.0309786621093750,.0004424150670760,.5613589123413981,.0000652654596980
6,.5000000000000000,.0212409179687500,.0002932981549846,.3929793525409496,.0000702430240651
