tau_Q,T,chi_t,Error chi_t,AR|CS,Error AR|CS
0,4.0000000000000000,.0505183593750002,.0007156734416776,.8448650655434811,.0000294143261372
1,2.8333333333333330,.0476930664062500,.0006751436959775,.7947774335245568,.0000383475736209
2,1.6666666666666665,.0396293945312500,.0005499095807490,.6878462066717043,.0000528726882079
3,.5000000000000000,.0254963623046875,.0003606655524692,.4454574409958367,.0000703935997897
