tau_Q,T,chi_t,Error chi_t,AR|CS,Error AR|CS
0,4.0000000000000000,.0509152343750000,.0007077124577714,.8448929039584857,.0000290784635743
1,3.4166666666666665,.0495819335937500,.0007081486746702,.8230996126574928,.0000332214317016
2,2.8333333333333330,.0468856933593750,.0006599884134971,.7902604869004027,.0000384189407295
3,2.2500000000000000,.0441549072265625,.0006226831742904,.7432033782209541,.0000458451908596
4,1.6666666666666665,.0396157226562500,.0005564745275321,.6723361815055785,.0000543085334106
5,1.0833333333333335,.0316604248046875,.0004470288290271,.5614332559696915,.0000646146139081
6,.5000000000000000,.0218810791015625,.0003139148865318,.3931728342492584,.0000697617756429
