tau_Q,T,chi_t,Error chi_t,AR|CS,Error AR|CS
0,4.0000000000000000,.0514289550781237,.0007249644116571,.4800266283402820,.0000157778228727
1,3.4166666666666665,.0513189453124997,.0007146755657885,.4760615857761372,.0000181106143188
2,2.8333333333333330,.0476430664062498,.0006643055679715,.4679529067386911,.0000215056676173
3,2.2500000000000000,.0427127441406249,.0005930632684952,.4539649941627162,.0000263235549552
4,1.6666666666666665,.0402181884765625,.0005821001285303,.4292015144764001,.0000335825629066
5,1.0833333333333335,.0327791015625000,.0004721263520636,.3832167863568846,.0000430013132213
6,.5000000000000000,.0227268798828125,.0003201777013684,.3022446432126934,.0000541709864757
