tau_Q,T,chi_t,Error chi_t,AR|CS,Error AR|CS
0,4.0000000000000000,.0523921386718722,.0007330947304045,1.1424511255321999,.0000741147981384
1,2.8333333333333330,.0506063476562475,.0007121396994937,1.2025799045915682,.0000966499470550
2,1.6666666666666665,.0458724365234360,.0006506433923482,1.3533925441657717,.0001580227946664
3,.5000000000000000,.0338484130859360,.0004812766128562,2.2105103980309448,.0007526482783573
