tau_Q,T,chi_t,Error chi_t,AR|CS,Error AR|CS
0,4.0000000000000000,.0508605712890631,.0006993945260367,1.1424544364507891,.0000744455068914
1,3.4166666666666665,.0501483398437499,.0007154861917883,1.1673245719289704,.0000830908570612
2,2.8333333333333330,.0487388183593757,.0006940386395146,1.2035442065988449,.0000968770282517
3,2.2500000000000000,.0468344482421889,.0006521909274336,1.2609838533488982,.0001215295352412
4,1.6666666666666665,.0441319335937508,.0006243061255132,1.3627280637340973,.0001734936958093
5,1.0833333333333335,.0388402099609378,.0005510643676950,1.5842284377783125,.0003219677023273
6,.5000000000000000,.0290673583984376,.0004018199240165,2.3243868250681650,.0010787653603930
