tau_Q,T,chi_t,Error chi_t,AR|CS,Error AR|CS
0,4.0000000000000000,.0501144287109354,.0007184158119592,1.1424324910255412,.0000747468160020
1,2.8333333333333330,.0494994140624976,.0006990546874626,1.2025132871041340,.0000960528930411
2,1.6666666666666665,.0466391113281236,.0006606261667047,1.3543728954334655,.0001620078584841
3,.5000000000000000,.0381606933593739,.0005422556965341,2.3241492392985204,.0010418634371267
