tau_Q,T,chi_t,Error chi_t,AR|CS,Error AR|CS
0,4.0000000000000000,.0516660888671865,.0007374471123103,1.1423726078691110,.0000741202722312
1,3.4166666666666665,.0515878173828116,.0007241719106573,1.1671569237787693,.0000826648029806
2,2.8333333333333330,.0494035400390613,.0007046112485533,1.2036748180307744,.0000971273679503
3,2.2500000000000000,.0477412841796862,.0006757399369080,1.2609427358929082,.0001228199513786
4,1.6666666666666665,.0450562255859364,.0006335241646598,1.3635195009907273,.0001741968825878
5,1.0833333333333335,.0400031249999988,.0005647203046082,1.5906520665295134,.0003377006486193
6,.5000000000000000,.0334429931640618,.0004714464283087,2.4673898042919578,.0014813494719673
