tau_Q,T,chi_t,Error chi_t,AR|CS,Error AR|CS
0,4.0000000000000000,.0513450683593760,.0007161134782580,1.1423453855843784,.0000745046167157
1,3.4166666666666665,.0508861572265632,.0007093303502795,1.1671826213011502,.0000833110804109
2,2.8333333333333330,.0472606201171880,.0006612132357523,1.2035838179312146,.0000964329925094
3,2.2500000000000000,.0470814941406258,.0006652170111577,1.2610969636725196,.0001220770576464
4,1.6666666666666665,.0448390625000006,.0006293907230374,1.3628058209227452,.0001717856840754
5,1.0833333333333335,.0396296142578130,.0005640500410609,1.5839675474937880,.0003238887858952
6,.5000000000000000,.0284154052734377,.0004155257412793,2.3237439408707252,.0010748950399827
