tau_Q,T,chi_t,Error chi_t,AR|CS,Error AR|CS
0,4.0000000000000000,.0508635498046882,.0007099866126842,.8448668415163162,.0000300710946767
1,3.4166666666666665,.0515420166015628,.0007272568890886,.8227201602427565,.0000334216700341
2,2.8333333333333330,.0475725585937501,.0006819773464841,.7901096157135677,.0000395944990442
3,2.2500000000000000,.0461726074218750,.0006586513624864,.7430350047390633,.0000470527424017
4,1.6666666666666665,.0398508544921875,.0005656903667305,.6720168047001801,.0000557615047563
5,1.0833333333333335,.0328547119140625,.0004562717578359,.5601595657991951,.0000663597860736
6,.5000000000000000,.0244758300781250,.0003466611664937,.3884916455098407,.0000721206314789
