tau_Q,T,chi_t,Error chi_t,AR|CS,Error AR|CS
0,4.0000000000000000,.0515443359374984,.0007220609276647,.8448389689612701,.0000298637540034
1,3.4166666666666665,.0500463623046871,.0007326461908762,.8226867804576620,.0000339378429985
2,2.8333333333333330,.0471278076171874,.0006498120178880,.7901125494316694,.0000395506836109
3,2.2500000000000000,.0455235839843749,.0006456188938014,.7430552528018460,.0000463328802435
4,1.6666666666666665,.0387715820312500,.0005511352536085,.6719959171464709,.0000558410039596
5,1.0833333333333335,.0325014648437500,.0004628548754621,.5601612702741393,.0000663258411811
6,.5000000000000000,.0242074707031250,.0003524667666918,.3884602662505693,.0000724566630936
