tau_Q,T,chi_t,Error chi_t,AR|CS,Error AR|CS
0,4.0000000000000000,.0520366943359393,.0007410317985443,.4799445726119088,.0000160629411992
1,3.4166666666666665,.0500519775390633,.0007121821363485,.4755850762202181,.0000184590841648
2,2.8333333333333330,.0479641601562502,.0006867450494012,.4673954020348359,.0000220804285398
3,2.2500000000000000,.0455332031250003,.0006332326863220,.4533178147231399,.0000267348210592
4,1.6666666666666665,.0412098388671876,.0005862394151015,.4280378673676500,.0000338848985146
5,1.0833333333333335,.0343920166015625,.0004904806656029,.3806477229767123,.0000441783322903
6,.5000000000000000,.0256168457031250,.0003617335053278,.2959621838206396,.0000546310941323
