tau_Q,T,chi_t,Error chi_t,AR|CS,Error AR|CS
0,4.0000000000000000,.0498206542968734,.0006935306645180,.8448866611768319,.0000297359948910
1,2.8333333333333330,.0478687744140621,.0006797659571087,.7933493532430977,.0000388820286807
2,1.6666666666666665,.0417364746093748,.0005925463141505,.6852749659256703,.0000550699133516
3,.5000000000000000,.0290873779296874,.0004102497833546,.4335882474456104,.0000720279539322
