tau_Q,T,chi_t,Error chi_t,AR|CS,Error AR|CS
0,4.0000000000000000,.0525436279296877,.0007553670039599,.4800147432692736,.0000159430566195
1,3.4166666666666665,.0495222656250006,.0006982255952372,.4755812312163168,.0000182940449019
2,2.8333333333333330,.0485200195312501,.0006921764444294,.4674134368337883,.0000220980322114
3,2.2500000000000000,.0446582763671875,.0006312715731240,.4532797802314915,.0000271281645021
4,1.6666666666666665,.0411691650390625,.0005842662759813,.4281121544176651,.0000338605811885
5,1.0833333333333335,.0351307373046875,.0004925875914447,.3807083830888998,.0000440268573848
6,.5000000000000000,.0260121093749999,.0003720100617933,.2960090144746991,.0000545963028060
