tau_Q,T,chi_t,Error chi_t,AR|CS,Error AR|CS
0,4.0000000000000000,.0512242431640617,.0007246499289289,.8448811290735825,.0000297365605690
1,2.8333333333333330,.0472749999999998,.0006766980723554,.7934022041999274,.0000390877579413
2,1.6666666666666665,.0410320800781250,.0005805781941333,.6852890794773587,.0000552702048602
3,.5000000000000000,.0288744628906250,.0004148103447205,.4334896669441494,.0000723449603861
