tau_Q,T,chi_t,Error chi_t,AR|CS,Error AR|CS
0,4.0000000000000000,.0511098144531235,.0007265061019152,.4799400659404527,.0000160172935578
1,2.8333333333333330,.0480267333984366,.0006880704044304,.4692089922292706,.0000218662314095
2,1.6666666666666665,.0428132568359373,.0006083664871088,.4368165485484491,.0000335465028001
3,.5000000000000000,.0303144531249999,.0004318318102893,.3326630314118316,.0000559664720537
