tau_Q,T,chi_t,Error chi_t,AR|CS,Error AR|CS
0,4.0000000000000000,.0518409912109371,.0007309600301333,.4799911722033111,.0000161424526940
1,2.8333333333333330,.0481996826171873,.0006863220293353,.4692335333546780,.0000216545395484
2,1.6666666666666665,.0424598388671874,.0005943542428919,.4369340543165481,.0000336188381586
3,.5000000000000000,.0296673583984376,.0004356378481119,.3327175056049858,.0000554338619681
