tau_Q,T,chi_t,Error chi_t,AR|CS,Error AR|CS
0,4.0000000000000000,.0515405517578089,.0007271032554169,.4799538267288244,.0000160056617911
1,2.8333333333333330,.0475874999999981,.0006808121773458,.4692459972369229,.0000220442502462
2,1.6666666666666665,.0424288085937492,.0006015643813830,.4368918301575489,.0000335567038364
3,.5000000000000000,.0303834716796871,.0004320724747103,.3326494235667358,.0000561626638250
