tau_Q,T,chi_t,Error chi_t,AR|CS,Error AR|CS
0,4.0000000000000000,.0524603027343746,.0007402550828099,.8449522255699580,.0000296362279690
1,2.8333333333333330,.0479015380859376,.0006760662094797,.7933954353756544,.0000383734111019
2,1.6666666666666665,.0406935791015625,.0005826389013530,.6854897345775375,.0000546290147909
3,.5000000000000000,.0288344482421875,.0004010362714737,.4336927613497816,.0000725703046860
