tau_Q,T,chi_t,Error chi_t,AR|CS,Error AR|CS
0,4.0000000000000000,.0514052246093753,.0007209069375579,.8449926228553106,.0000294576736896
1,3.4166666666666665,.0496556640625001,.0007045811109794,.8226343424383804,.0000337173511354
2,2.8333333333333330,.0476735595703125,.0006563642473825,.7901168966723267,.0000393355959185
3,2.2500000000000000,.0447667480468750,.0006350339660773,.7430801507816642,.0000461916464291
4,1.6666666666666665,.0403778564453125,.0005712965396857,.6721712102658235,.0000561720126171
5,1.0833333333333335,.0323287597656250,.0004505978784451,.5600999024548445,.0000663387717248
6,.5000000000000000,.0246700683593750,.0003517161567678,.3884925123938922,.0000712597524535
