tau_Q,T,chi_t,Error chi_t,AR|CS,Error AR|CS
0,4.0000000000000000,.0519884033203098,.0007206253036286,.4799327183938916,.0000161183624199
1,3.4166666666666665,.0508231201171864,.0007087663119360,.4755863272368974,.0000184828914525
2,2.8333333333333330,.0483748291015619,.0006773861381172,.4673917596289874,.0000219424061802
3,2.2500000000000000,.0451209472656249,.0006310038692841,.4532859787187980,.0000267148208428
4,1.6666666666666665,.0406572509765623,.0005745084177594,.4280012778310263,.0000339559908621
5,1.0833333333333335,.0341598876953125,.0004787545650668,.3806259012693686,.0000438422988419
6,.5000000000000000,.0258981201171875,.0003696381913583,.2959503449659626,.0000543234334112
