tau_Q,T,<Q^2>,Error <Q^2>,AR|CS,Error AR|CS
0,4.0000000000000000,.0517031738281243,.0007344191569006,.4799393652417529,.0000158952071425
1,3.1250000000000000,.0515653808593746,.0007197300313445,.4734594871495092,.0000198929878879
2,2.2500000000000000,.0457433349609374,.0006541592347739,.4571678583183918,.0000264774063542
3,1.3750000000000000,.0373522460937500,.0005334039365717,.4187720685652251,.0000375190286228
4,.5000000000000000,.0254493164062500,.0003614894573933,.3281274459847124,.0000553294206742
