tau_Q,T,<Q^2>,Error <Q^2>,AR|CS,Error AR|CS
0,4.0000000000000000,.0511516601562517,.0007107160444078,.4799452918903070,.0000158355653096
1,3.5625000000000000,.0502285400390632,.0007037639390999,.4771074278231910,.0000177917486066
2,3.1250000000000000,.0488618896484377,.0006858602234655,.4718402925729703,.0000196680020669
3,2.6875000000000000,.0471185546875001,.0006724978055241,.4638471861567422,.0000223738892997
4,2.2500000000000000,.0432396240234375,.0006232159038989,.4518174147097101,.0000264574508165
5,1.8125000000000000,.0408988525390625,.0005751913394418,.4333019413752290,.0000312806343051
6,1.3750000000000000,.0350547363281250,.0004993744938641,.4036219263555738,.0000379153311250
7,.9375000000000000,.0288646484375000,.0004039163382351,.3556647289165433,.0000452647092200
8,.5000000000000000,.0206565673828125,.0002857511817618,.2840153518649792,.0000533459121579
