tau_Q,T,<Q^2>,Error <Q^2>,AR|CS,Error AR|CS
0,4.0000000000000000,.0516586181640624,.0007416015980045,.8450028234765372,.0000288053915562
1,3.4166666666666665,.0494892089843750,.0006911935774882,.8231883622822623,.0000331143433745
2,2.8333333333333330,.0484799560546875,.0006826339406962,.7903810512883420,.0000384510687814
3,2.2500000000000000,.0443772216796875,.0006262437703956,.7431100079199817,.0000453733602753
4,1.6666666666666665,.0380511230468750,.0005318834440613,.6723285290286485,.0000549109975428
5,1.0833333333333335,.0305588134765625,.0004428875898521,.5613303667422462,.0000646720574168
6,.5000000000000000,.0212684814453125,.0002975497267783,.3931301181914070,.0000698837553643
