tau_Q,T,<Q^2>,Error <Q^2>,AR|CS,Error AR|CS
0,4.0000000000000000,.0525209716796919,.0007429505357460,.4799553560781822,.0000162745953969
1,3.5625000000000000,.0518002197265650,.0007432138349852,.4768296236019843,.0000178860344164
2,3.1250000000000000,.0494249023437511,.0006927536107775,.4714991692344623,.0000203438930668
3,2.6875000000000000,.0468922607421880,.0006598240537313,.4635449887997026,.0000232028365694
4,2.2500000000000000,.0447079589843751,.0006391540996485,.4514367849373424,.0000269509840245
5,1.8125000000000000,.0426774658203127,.0005945795276433,.4327817527556251,.0000323964855148
6,1.3750000000000000,.0367380126953125,.0005195770721743,.4026318365486256,.0000387072354828
7,.9375000000000000,.0307711425781250,.0004319088920944,.3537990370161703,.0000470021444226
8,.5000000000000000,.0229614013671875,.0003291432355918,.2799261085675950,.0000533777876077
