tau_Q,T,<Q^2>,Error <Q^2>,AR|CS,Error AR|CS
0,4.0000000000000000,.0512883056640637,.0007180683639336,.4799509000330709,.0000160038085470
1,3.1250000000000000,.0488522460937508,.0006967089808345,.4726856924229826,.0000199843727859
2,2.2500000000000000,.0460043701171878,.0006620750333352,.4558558485984370,.0000267243238065
3,1.3750000000000000,.0395026611328126,.0005674415531497,.4157581796447903,.0000381186093222
4,.5000000000000000,.0281885498046875,.0003994389552152,.3181633200794521,.0000560180110286
