tau_Q,T,<Q^2>,Error <Q^2>,AR|CS,Error AR|CS
0,4.0000000000000000,.0516586181640624,.0007416015980045,.8450028234765372,.0000288053915562
1,3.8333333333333335,.0512549072265625,.0007173912677639,.8392575860470646,.0000302677468061
2,3.6666666666666665,.0507935791015625,.0007172061688887,.8322280655377413,.0000314434741241
3,3.5000000000000000,.0498679443359375,.0007055716362086,.8244458046039502,.0000326427847748
4,3.3333333333333335,.0483841552734375,.0007046855571947,.8159722226732210,.0000340131966968
5,3.1666666666666665,.0495091308593750,.0007069128346398,.8066169546986033,.0000354271947965
6,3.0000000000000000,.0465484619140625,.0006542654188340,.7962240377278605,.0000364220212092
